Code;Inbounder;Supplier;Product;ShowWeb;Preferred_service;Beschrijving_kort;Beschrijving_lang;Contact_persoon;Contact_email;Contact_phone;Klant_phone;Klant_email;Locatie_stad;Locatie_straat;Locatie_land;Datum_contact_aangepast
BEACH1770;PANP;;1770 Beach Shacks;0;Logies;;;;;;;;Town of 1770;;AU;
PENSIONESYD;PANP;;1831 Boutique Hotel;0;Logies;;;;;;;;Sydney;;AU;
CROWHO;PANP;;58 On Cron Motel;0;Logies;;;;;;;;Franz Josef;;NZ;
ABETASNSN;PANP;;Abel Tasman Lodge;0;Logies;;;;;;;;Marahau;;NZ;
OCEAMZP;PANP;;Abel Tasman Ocean View Chalets;0;Logies;;;;;;;;Marahau;;NZ;
ABEMEL;PANP;;Abode By Easystay;0;Incl. Ontbijt;;;;;;;;Melbourne;;AU;
ADABBH;PANP;;Adabco Boutique Hotel;0;Logies;;;;;;;;Adelaide;;AU;
ASMERADL;PANP;;Adelaide Meridien Hotel & Apartments;0;Logies;;;;;;;;Adelaide;;AU;
MEDINAGR;PANP;;Adina Apartment Hotel Adelaide Treasury;0;Logies;;;;;;;;Adelaide;;AU;
ADINAKAKL;PANP;;Adina Apartment Hotel Auckland, Britomart;0;Logies;;;;;;;;Auckland;;NZ;
RENDEZVOUS;PANP;;Adina Apartment Hotel Brisbane Anzac Square;0;Logies;;;;;;;;Brisbane;;AU;
MEDINAE;PANP;;Adina Apartment Hotel Coogee;0;Logies;;;;;;;;Sydney;;AU;
MEDDARW;PANP;;Adina Apartment Hotel Darwin Waterfront;0;Logies;;;;;;;;Darwin;;AU;
MEDINAGRAPER;PANP;;Adina Apartment Hotel Perth;0;Logies;;;;;;;;Perth;;AU;
ADSAPT;PANP;;Adina Apartment Hotel Sydney Airport;0;Logies;;;;;;;;Sydney;;AU;
MEDINAEX1;PANP;;Adina Apartment Hotel Sydney Central;0;Logies;;;;;;;;Sydney;;AU;
MEDCROWN;PANP;;Adina Apartment Hotel Sydney Surry Hills;0;Logies;;;;;;;;Sydney;;AU;
MEDGRSYD;PANP;;Adina Apartment Hotel Sydney Town Hall;0;Logies;;;;;;;;Sydney;;AU;
MEDINAEXECBR;PANP;;Adina Serviced Apartments Canberra James Court;0;Logies;;;;;;;;Canberra;;AU;
 MEDINAMP;PANP;;Adina Serviced Apartments Sydney Martin Place;0;Logies;;;;;;;;Sydney;;AU;
AIRAIRL;PANP;;Airlie Beach Hotel;0;Logies;;;;;;;;Airlie Beach;;AU;
xx;PANP;;Airport Palms Motel NZ;0;;;;;;;;;Christchurch;;NZ;
ALEPER;PANP;;Alex Hotel;0;Logies;;;;;;;;Perth;;AU;
ALICEONTOASP;PANP;;Alice on Todd Apartments;0;Logies;;;;;;;;Alice Springs;;AU;
AARONSALLPER;PANP;;All Suites Perth;0;Logies;;;;;;;;Perth;;AU;
ALPIKKE;PANP;;Alpine View Motel;0;Logies;;;;;;;;Kaikoura;;NZ;
LAKEJAB;PANP;;Anbinik Kakadu Resort;0;Logies;;;;;;;;Jabiru;;AU;
ANCHORCRM;PANP;;Anchor Lodge Motel;0;Logies;;;;;;;;Coromandel;;NZ;
ANCTEU;PANP;;Anchorage Motel;0;Logies;;;;;;;;Te Anau;;NZ;
ANCHORAGETUO;PANP;;Anchorage Resort;0;Logies;;;;;;;;Taupo;;NZ;
AORAKI;PANP;;Aoraki Court Motel;0;Logies;;;;;;;;Mount Cook;;NZ;
AOTLODCMV;PANP;;Aotearoa Lodge;0;Logies;;;;;;;;Whitianga;;NZ;
ARGDAR;PANP;;Argus Apartments Darwin;0;Logies;;;;;;;;Darwin;;AU;
ARGDRW;PANP;;Argus Hotel Darwin;0;Incl. Ontbijt;;;;;;;;Darwin;;AU;
MASONICNPE;PANP;;Art Deco Masonic Hotel;0;Logies;;;;;;;;Napier;;NZ;
ASCOTIAQN;PANP;;Ascotia Off Queen;0;Logies;;;;;;;;Auckland;;NZ;
AORAKIWHO;PANP;;Aspen Court Motel;0;Logies;;;;;;;;Franz Josef;;NZ;
BOATAIR;PANP;;At Boathaven Bay Holiday Apartments Airlie Beach;0;Logies;;;;;;;;Airlie Beach;;AU;
MARIAIR;PANP;;At Marina Shores;0;Logies;;;;;;;;Airlie Beach;;AU;
AKLHTL;PANP;;Auckland City Hotel;0;Logies;;;;;;;;Auckland;;NZ;
TERRASP;PANP;;Aurora Alice Springs Resort;0;Logies;;;;;;;;Alice Springs;;AU;
AVEPIH;PANP;;Averill Court Motel;0;Logies;;;;;;;;Paihia;;NZ;
CHIFAKL;PANP;;Barclay Suites;0;Logies;;;;;;;;Auckland;;NZ;
BARSHI;PANP;;Barossa Shiraz Estate;0;Incl. Ontbijtproviand;;;;;;;;Barossa Valley;;AU;
WEINTALRETAN;PANP;;Barossa Weintal Resort;0;Logies;;;;;;;;Barossa Valley;;AU;
BATMEL;PANP;;Batman's Hill on Collins;0;Logies;;;;;;;;Melbourne;;AU;
BAYBATE;PANP;;Bay Breeze Boutique Accommodation;0;Logies;;;;;;;;Batemans Bay;;AU;
BAYSTE;PANP;;Bay Motel;0;Logies;;;;;;;;Stewart Island;;NZ;
BPD;PANP;;Bay Plaza Hotel;0;Logies;;;;;;;;Wellington;;NZ;
BAYCNS;BAVI;;Bay Village Tropical Retreat;0;Logies;;;;;;;;Cairns;;AU;
BAYVILLASPTD;PANP;;Bay Villas Resort;0;Logies;;;;;;;;Port Douglas;;AU;
BAYSIDEHOBME;PANP;;Bayside Holiday Apartments;0;Logies;;;;;;;;Broome;;AU;
BEAWHI;PANP;;Beachside Resort;0;Logies;;;;;;;;Whitianga;;NZ;
BEACONPT;PANP;;Beacon Point Ocean View Villas;0;Logies;;;;;;;;Apollo Bay;;AU;
BEARWAL;PANP;;Bear Gully Coastal Cottages;0;Logies;;;;;;;;Walkerville;;AU;
BEDBIN;PANP;;Bed In The Treetops B&B;0;Incl. Ontbijt;;;;;;;;Binalong Bay;;AU;
BEERSHEBAIVC;PANP;;Beersheba Boutique Accommodation;0;Logies;;;;;;;;Invercargill;;NZ;
IMINTJIWIGIB;PANP;;Bell Gorge Wilderness Lodge;0;Incl. Ontbijt & Diner;;;;;;;;Bell Gorge Wilderness Lodge;;AU;
BELNPE;PANP;;Bella Tuscany On Kennedy;0;Logies;;;;;;;;Napier;;NZ;
 BELLAVISTBHE;PANP;;Bella Vista Motel Blenheim;0;Logies;;;;;;;;Blenheim;;NZ;
BELLAVISTCHC;PANP;;Bella Vista Motel Christchurch;0;Logies;;;;;;;;Christchurch;;NZ;
 BELLADUD;PANP;;Bella Vista Motel Dunedin;0;Logies;;;;;;;;Dunedin;;NZ;
BELLVISTFOXG;PANP;;Bella Vista Motel Fox Glacier;0;Logies;;;;;;;;Fox Glacier;;NZ;
BELLAVISTFRJ;PANP;;Bella Vista Motel Franz Josef;0;Logies;;;;;;;;Franz Josef;;NZ;
BELVISGREY;PANP;;Bella Vista Motel Greymouth;0;Logies;;;;;;;;Greymouth;;NZ;
 BELLAVISTKIK;PANP;;Bella Vista Motel Kaikoura;0;Logies;;;;;;;;Kaikoura;;NZ;
BELLVISTNPE;PANP;;Bella Vista Motel Napier;0;Logies;;;;;;;;Napier;;NZ;
BELLAVISTNSN;PANP;;Bella Vista Motel Nelson;0;Logies;;;;;;;;Nelson;;NZ;
BELLAVISTZQN;PANP;;Bella Vista Motel Queenstown;0;Logies;;;;;;;;Queenstown;;NZ;
BELLVISTROTO;PANP;;Bella Vista Motel Rotorua;0;Logies;;;;;;;;Rotorua;;NZ;
BELLAVISTTEU;PANP;;Bella Vista Motel Te Anau;0;Logies;;;;;;;;Te Anau;;NZ;
BELLAWAN;PANP;;Bella Vista Motel Wanaka;0;Logies;;;;;;;;Wanaka;;NZ;
BELLAVISTAWLG;PANP;;Bella Vista Motel Wellington;0;Logies;;;;;;;;Wellington;;NZ;
BESTWESTEHVB;PANP;;Best Western Ambassador Motor Lodge Hervey Bay;0;Logies;;;;;;;;Hervey Bay;;AU;
APOLLOBAYAPO;PANP;;Best Western Apollo Bay Motel;0;Logies;;;;;;;;Apollo Bay;;AU;
BESTWESTEPCB1;PANP;;Best Western Great Ocean Road Motor Inn;0;Logies;;;;;;;;Port Campbell;;AU;
PEMBERTONPBM;PANP;;Best Western Pemberton Hotel;0;Logies;;;;;;;;Pemberton;;AU;
BLUEPEAKSZQN;PANP;;Blue Peaks Lodge;0;Logies;;;;;;;;Queenstown;;NZ;
 BLUERIDGETEU;PANP;;Blue Ridge Boutique B&B;0;Incl. Ontbijt;;;;;;;;Te Anau;;NZ;
BLUTCA;PANP;;Bluestone Motor Inn Motel;0;Logies;;;;;;;;Tennant Creek;;AU;
BONDASP;PANP;;Bond Springs Outback Retreat;0;Incl. Ontbijt;;;;;;;;Alice Springs;;AU;
BRECOFF;PANP;;Breakfree Aanuka Beach Resort;0;Logies;;;;;;;;Coffs Harbour;;AU;
HIPSADL;PANP;;Breakfree Adelaide;0;Logies;;;;;;;;Adelaide;;AU;
DIRADL;PANP;;Breakfree Directors Studios Adelaide;0;Logies;;;;;;;;Adelaide;;AU;
HOTELSO;PANP;;Breakfree On Cashel;0;Logies;;;;;;;;Christchurch;;NZ;
BROKENRIVEUN;PANP;;Broken River Mountain Resort;0;Incl. Ontbijtproviand;;;;;;;;Eungella NP;;AU;
APIBYR;PANP;;Byron Bay Hotel And Apartments;0;Logies;;;;;;;;Byron Bay;;AU;
CABLEBME;PANP;;Cable Beach Club Resort And Spa;0;Logies;;;;;;;;Broome;;AU;
CABDUD;PANP;;Cable Court Motel;0;Logies;;;;;;;;Dunedin;;NZ;
CAIRNSBEACNS;PANP;;Cairns Beach Resort;0;Logies;;;;;;;;Cairns;;AU;
TUNATCNS;PANP;;Cairns Plaza Hotel;0;Incl. Ontbijt;;;;;;;;Cairns;;AU;
CNSQUECNS;PANP;;Cairns Queenslander Apartments;0;Logies;;;;;;;;Cairns;;AU;
CAMBNSN;PANP;;Cambria House;0;Incl. Ontbijt;;;;;;;;Nelson;;NZ;
CAPCAPE;PANP;;Cape Trib Beach House;0;Logies;;;;;;;;Cape Tribulation;;AU;
CAPROC;PANP;;Capricorn Caves;0;Incl. Ontbijt;;;;;;;;Rockhampton;;AU;
CAPDUD;PANP;;Captain Eady's Lookout;0;Incl. Ontbijt;;;;;;;;Dunedin;;NZ;
CAPTAIN;PANP;;Captain's At The Bay Guesthouse;0;Incl. Ontbijt;;;;;;;;Apollo Bay;;AU;
CASPAI;PANP;;Casa Bella Motel;0;Logies;;;;;;;;Paihia;;NZ;
CATLINSFARMS;PANP;;Catlins Country Retreat;0;Incl. Ontbijt;;;;;;;;The Catlins;;NZ;
CWTCAT;PANP;;Catlins Mohua Park;0;Logies;;;;;;;;The Catlins;;NZ;
CAUSMEL;PANP;;Causeway Inn On The Mall;0;Incl. Ontbijt;;;;;;;;Melbourne;;AU;
CAYMAN;PANP;;Cayman Villas;0;Logies;;;;;;;;Port Douglas;;AU;
CERVPINN;PANP;;Cervantes Pinnacles Motel;0;Logies;;;;;;;;Cervantes;;AU;
 CHALETROMPAI;PANP;;Chalet Romantica;0;Incl. Ontbijtproviand;;;;;;;;Paihia;;NZ;
CHANCELLOADL;PANP;;Chancellor Adelaide On Currie;0;Logies;;;;;;;;Adelaide;;AU;
CHATBHE;PANP;;Chateau Marlborough;0;Logies;;;;;;;;Blenheim;;NZ;
CHIFADL;PANP;;Chifley On South Terrace Adelaide;0;Logies;;;;;;;;Adelaide;;AU;
CICKAT;PANP;;Cicada Lodge;0;Incl. Ontbijt;;;;;;;;Katherine;;AU;
QUALITYRECLA1;PANP;;Clare Country Club;0;Logies;;;;;;;;Clare Valley;;AU;
QUALITYRECLA2;PANP;;Clare Country Club;0;Logies;;;;;;;;Clare Valley;;AU;
QUALITYRECLA3;PANP;;Clare Country Club;0;Logies;;;;;;;;Clare Valley;;AU;
 COBDENGAR;PANP;;Cobden Garden B&B;0;Incl. Ontbijt;;;;;;;;Napier;;NZ;
COLLYER0;PANP;;Collyer House;0;Incl. Ontbijt;;;;;;;;Haast;;NZ;
COLLYER1;PANP;;Collyer House;0;Incl. Ontbijt;;;;;;;;Haast;;NZ;
COLLYER2;PANP;;Collyer House;0;Incl. Ontbijt;;;;;;;;Haast;;NZ;
BENVEN;PANP;;Comfort Hotel Benvenue;0;Logies;;;;;;;;Timaru;;NZ;
GAGCOOKAK;PANP;;Cooinda Lodge;0;Logies;;;;;;;;Cooinda;;AU;
KINGTERZQN;PANP;;Copthorne Hotel & Apartments Queenstown Lakeview;0;Logies;;;;;;;;Queenstown;;NZ;
OMAPOMP;PANP;;Copthorne Hotel & Resort Hokianga;0;Logies;;;;;;;;Omapere;;NZ;
COPTANZAKL;PANP;;Copthorne Hotel Auckland City;0;Logies;;;;;;;;Auckland;;NZ;
KINGORIWLG;PANP;;Copthorne Hotel Oriental Bay;0;Logies;;;;;;;;Wellington;;NZ;
CORALCNS;PANP;;Coral Sands Beachfront Resort;0;Logies;;;;;;;;Trinity Beach;;AU;
CORALWSY;PANP;;Coral Sea Marina Resort;0;;;;;;;;;Airlie Beach;;AU;
COROVIEW;PANP;;Coronet View Deluxe B&B;0;Incl. Ontbijt;;;;;;;;Queenstown;;NZ;
SYKIWIBEDTEU;PANP;;Cosy Kiwi B&B;0;Incl. Ontbijt;;;;;;;;Te Anau;;NZ;
CCCLST;PANP;;Country Club Tasmania;0;Logies;;;;;;;;Launceston;;AU;
UNTRYFORTBEL;PANP;;Country Comfort Perth;0;Logies;;;;;;;;Perth;;AU;
x;PANP;;Country Comfort Waters Edge Motel;0;Logies;;;;;;;;Port Macquarie;;AU;
DOHERTY;PANP;;Cradle Mountain Hotel;0;Incl. Ontbijt;;;;;;;;Cradle Mountain;;AU;
CMWCRA;PANP;;Cradle Mountain Wilderness Village;0;Logies;;;;;;;;Cradle Mountain;;AU;
CRAIGSROYBLL;PANP;;Craig's Royal Hotel;0;Incl. Ontbijt;;;;;;;;Ballarat;;AU;
CRLLAK;PANP;;Crater Lakes Rainforest Cottages;0;Incl. Ontbijtproviand;;;;;;;;Atherton Tablelands;;AU;
CREELHOTPO;PANP;;Creel House;0;Incl. Ontbijt;;;;;;;;Tekapo;;NZ;
HOLIDAYBUBUR;PANP;;Crown Promenade Hotel Perth;0;Incl. Ontbijt;;;;;;;;Perth;;AU;
LASASP;PANP;;Crowne Plaza Alice Springs Lasseters;0;Logies;;;;;;;;Alice Springs;;AU;
CENMEL;PANP;;Crowne Plaza Melbourne;0;Logies;;;;;;;;Melbourne;;AU;
PARKPER;PANP;;Crowne Plaza Perth;0;Logies;;;;;;;;Perth;;AU;
CULGOA;PANP;;Culgoa Point Beach Resort;0;Logies;;;;;;;;Noosa;;AU;
CUMGOR;PANP;;Cumberland Lorne Resort;0;Logies;;;;;;;;Lorne;;AU;
CURIOBAY;PANP;;Curio Bay Accommodation;0;Logies;;;;;;;;The Catlins;;NZ;
CURTALI;PANP;;Curtin Springs Wayside Inn & Station;0;Logies;;;;;;;;Alice Springs;;AU;
DHHMAG;PANP;;Daggoombah Holiday House;0;Logies;;;;;;;;Magnetic Island;;AU;
DCHDAI;PANP;;Daintree Cascades Holiday Houses;0;Logies;;;;;;;;Daintree NP;;AU;
DAIWILDLOD;PANP;;Daintree Wilderness Lodge;0;Incl. Ontbijt;;;;;;;;Daintree NP;;AU;
DALTONSREHGP;PANP;;D'altons Resort;0;Logies;;;;;;;;Halls Gap;;AU;
DALYDAL;PANP;;Daly Waters Historic Pub;0;Logies;;;;;;;;Daly Waters;;AU;
DESPASP;PANP;;Desert Palms Alice Springs;0;Logies;;;;;;;;Alice Springs;;AU;
DEVMAR;PANP;;Devils Marbles Hotel;0;Logies;;;;;;;;Devils Marbles;;AU;
DIAMONDISBIC;PANP;;Diamond Island Resort;0;Logies;;;;;;;;Bicheno;;AU;
DISSETWHA;PANP;;Discovery Settlers Whangarei;0;Logies;;;;;;;;Whangarei;;NZ;
LUXTEU;PANP;;Distinction Luxmore Hotel;0;Logies;;;;;;;;Te Anau;;NZ;
GRANROT;PANP;;Distinction Rotorua;0;Logies;;;;;;;;Rotorua;;NZ;
ALPINERESWKA;PANP;;Distinction Wanaka Serviced Apartments;0;Logies;;;;;;;;Wanaka;;NZ;
KINGSWHA;PANP;;Distinction Whangarei Hotel;0;Logies;;;;;;;;Whangarei;;NZ;
DOLPHINSAHUS;PANP;;Dolphin Sands Bed And Breakfast;0;Incl. Ontbijt;;;;;;;;Jervis Bay;;AU;
RYDPLAASP;PANP;;Doubletree By Hilton Alice Springs;0;Logies;;;;;;;;Alice Springs;;AU;
HOLCNS;PANP;;Doubletree By Hilton Cairns;0;Logies;;;;;;;;Cairns;;AU;
KAWHOTHILT;PANP;;Doubletree By Hilton Queenstown;0;Logies;;;;;;;;Queenstown;;NZ;
DRYSDALERKNX;PANP;;Drysdale River Station;0;Logies;;;;;;;;Drysdale;;AU;
DULHALL;PANP;;Dulc Cabins;0;Logies;;;;;;;;Halls Gap;;AU;
BREAKFREEBYB3;PANP;;Eco Beach Resort Byron Bay;0;Logies;;;;;;;;Byron Bay;;AU;
BREAKFREEBYB4;PANP;;Eco Beach Resort Byron Bay;0;Logies;;;;;;;;Byron Bay;;AU;
BREAKFREEBYB5;PANP;;Eco Beach Resort Byron Bay;0;Logies;;;;;;;;Byron Bay;;AU;
 ECONOAKL;PANP;;Econo Lodge City Central Hotel;0;Logies;;;;;;;;Auckland;;NZ;
 ECOSCAPE;PANP;;Ecoscapes;0;Logies;;;;;;;;Glenorchy;;NZ;
EHTYQ0;PANP;;Eden House Retreat;0;Incl. Ontbijtproviand;;;;;;;;Atherton Tablelands;;AU;
EDGEWKA;PANP;;Edgewater Resort;0;Logies;;;;;;;;Wanaka;;NZ;
ELQKNX;PANP;;El Questro Wilderness Park;0;;;;;;;;;El Questro Station;;AU;
 ELIZCHC;PANP;;Eliza's Manor Boutique Hotel;0;Incl. Ontbijt;;;;;;;;Christchurch;;NZ;
EMEHER;PANP;;Emeraldene Inn And Eco-lodge;0;Logies;;;;;;;;Hervey Bay;;AU;
ESPPER;PANP;;Esplanade Hotel Fremantle By Rydges;0;Logies;;;;;;;;Perth;;AU;
EXEESC;PANP;;Exmouth Escape Resort;0;Logies;;;;;;;;Exmouth;;AU;
 TENNNPE;PANP;;Expressotel Napier;0;Logies;;;;;;;;Napier;;NZ;
FAIRBMT;PANP;;Fairmont Resort And Spa Blue Mountains;0;Logies;;;;;;;;Leura;;AU;
FITZFIT;PANP;;Fitzroy Island Resort;0;Logies;;;;;;;;Fitzroy Island;;AU;
 FITZLODGE;PANP;;Fitzroy River Lodge;0;Logies;;;;;;;;Fitzroy Crossing;;AU;
FRANKSTR;PANP;;Franklin Manor;0;Incl. Ontbijt;;;;;;;;Strahan;;AU;
FREYFNP;PANP;;Freycinet Lodge;0;Incl. Ontbijt;;;;;;;;Coles Bay;;AU;
FREYECO;PANP;;Freycinet Resort;0;Incl. Ontbijtproviand;;;;;;;;Coles Bay;;AU;
 GLAWHO;PANP;;Glacier View Motel;0;Logies;;;;;;;;Franz Josef;;NZ;
GLAGLA;PANP;;Glass On Glasshouse;0;Incl. Ontbijtproviand;;;;;;;;Glasshouse Mountains;;AU;
GLASSMOUNGLA;PANP;;Glasshouse Mountains Ecolodge;0;Logies;;;;;;;;Glasshouse Mountains;;AU;
GLENHELEN;PANP;;Glen Helen Lodge;0;Incl. Ontbijt;;;;;;;;Glen Helen;;AU;
GLENFERNVWHO;PANP;;Glenfern Villas;0;Logies;;;;;;;;Franz Josef;;NZ;
GRACESYD;PANP;;Grace Hotel Sydney;0;;;;;;;;;Sydney;;AU;
CARLAKL;PANP;;Grand Millennium Auckland;0;Logies;;;;;;;;Auckland;;NZ;
 GORANG;PANP;;Great Ocean Road Resort;0;Incl. Ontbijt;;;;;;;;Torquay;;AU;
GREENACREHPS;PANP;;Greenacres Chalets & Villas;0;Logies;;;;;;;;Hanmer Springs;;NZ;
GREENCATLINS;PANP;;Greenwood Farmstay;0;Incl. Ontbijt;;;;;;;;The Catlins;;NZ;
HABCNS;PANP;;Habitat Noosa Everglades Ecocamp;0;Logies;;;;;;;;Noosa;;AU;
HAMPAL;PANP;;Hamilton Island Resort;0;;;;;;;;;Hamilton Island;;AU;
REEFHTI;PANP;;Hamilton Island Resort;0;;;;;;;;;Hamilton Island;;AU;
HBRRSYD;PANP;;Harbour Rocks Hotel Sydney;0;Logies;;;;;;;;Sydney;;AU;
HARBOURVITAI;PANP;;Harbour View Lodge Bed And Breakfast;0;Incl. Ontbijt;;;;;;;;Tairua;;NZ;
HAVPUN;PANP;;HavenZ;0;Logies;;;;;;;;Punakaiki;;NZ;
VENTUR;PANP;;Heartland Hotel Auckland Airport;0;Logies;;;;;;;;Auckland;;NZ;
COTSCHC;PANP;;Heartland Hotel Cotswold;0;Logies;;;;;;;;Christchurch;;NZ;
ALINZQN;PANP;;Heartland Hotel Queenstown;0;Logies;;;;;;;;Queenstown;;NZ;
HENROCK;PANP;;Henderson Park Farm Retreat;0;Logies;;;;;;;;Rockhampton;;AU;
HERDAI;PANP;;Heritage Lodge In The Daintree;0;Incl. Ontbijt;;;;;;;;Daintree NP;;AU;
HILTQUEEN;PANP;;Hilton Queenstown;0;;;;;;;;;Queenstown;;NZ;
CENAPTMEL;PANP;;Holiday Inn Melbourne Airport;0;Logies;;;;;;;;Melbourne;;AU;
 CENTROT;PANP;;Holiday Inn Rotorua;0;Logies;;;;;;;;Rotorua;;NZ;
HOLLY;PANP;;Holly Homestead B&B;0;Incl. Ontbijt;;;;;;;;Franz Josef;;NZ;
HOSCARN;PANP;;Hospitality Carnarvon;0;Logies;;;;;;;;Carnarvon;;AU;
248217;PANP;;NRMA Atherton Tablelands Holiday Park;0;Logies;;;;;;;;Atherton Tablelands;;AU;
HINPARKADL;PANP;;Hotel Grand Chancellor Adelaide;0;Logies;;;;;;;;Adelaide;;AU;
 PRESIDEN;PANP;;Hotel Grand Chancellor Auckland City;0;Logies;;;;;;;;Auckland;;NZ;
GCBNE;PANP;;Hotel Grand Chancellor Brisbane;0;Logies;;;;;;;;Brisbane;;AU;
GCHBA;PANP;;Hotel Grand Chancellor Hobart;0;Logies;;;;;;;;Hobart;;AU;
HOUGFMT;PANP;;Hougoumont Hotel;0;Incl. Ontbijt;;;;;;;;Fremantle;;AU;
HUNRESHUN;PANP;;Hunter Valley Resort;0;;;;;;;;;Pokolbin;;AU;
SHBMN0;PANP;;Huskisson Bayside Resort;0;Logies;;;;;;;;Huskisson;;AU;
SHBMN1;PANP;;Huskisson Bayside Resort;0;Logies;;;;;;;;Huskisson;;AU;
SHBMN2;PANP;;Huskisson Bayside Resort;0;Logies;;;;;;;;Huskisson;;AU;
HYAPER;PANP;;Hyatt Regency Perth;0;;;;;;;;;Perth;;AU;
 IBIADL;PANP;;Ibis Adelaide;0;Logies;;;;;;;;Adelaide;;AU;
FORAKL;PANP;;Ibis Budget Auckland Central;0;Logies;;;;;;;;Auckland;;NZ;
IBISCHRISCHC;PANP;;Ibis Christchurch;0;Logies;;;;;;;;Christchurch;;NZ;
 IBISMEL;PANP;;Ibis Melbourne Hotel And Apartments;0;Logies;;;;;;;;Melbourne;;AU;
IBISPER;PANP;;Ibis Perth;0;Logies;;;;;;;;Perth;;AU;
ISBBNE;PANP;;Ibis Styles Brisbane Elizabeth Street;0;Logies;;;;;;;;Brisbane;;AU;
 IBSHBA;PANP;;Ibis Styles Hobart;0;Logies;;;;;;;;Hobart;;AU;
ACCIBISINV;PANP;;Ibis Styles Invercargill;0;Logies;;;;;;;;Invercargill;;NZ;
 MERKNX;PANP;;Ibis Styles Kununurra;0;Logies;;;;;;;;Kununurra;;AU;
 IBISAPTSYD;PANP;;Ibis Sydney Airport;0;Logies;;;;;;;;Sydney;;AU;
 IBISWLG;PANP;;Ibis Wellington;0;Logies;;;;;;;;Wellington;;NZ;
BHPBYR;PANP;;Ingenia Holidays Byron Bay;0;Logies;;;;;;;;Byron Bay;;AU;
 ISLMAG;PANP;;Island Leisure Resort;0;Incl. Ontbijt;;;;;;;;Magnetic Island;;AU;
JAMEWLG;PANP;;James Cook Hotel Grand Chancellor;0;Logies;;;;;;;;Wellington;;NZ;
JUCSNOAKL;PANP;;Jucy Snooze Auckland;0;Logies;;;;;;;;Auckland;;NZ;
JUCSNOZCHC;PANP;;Jucy Snooze Christchurch;0;Logies;;;;;;;;Christchurch;;NZ;
GATEWAYKKE;PANP;;Kaikoura Gateway Motor Lodge;0;Logies;;;;;;;;Kaikoura;;NZ;
KALBARRIBKLB;PANP;;Kalbarri Beach Resort;0;Logies;;;;;;;;Kalbarri;;AU;
KALBPALM;PANP;;Kalbarri Palm Resort Motel;0;Logies;;;;;;;;Kalbarri;;AU;
KAMAHITTAOTO;PANP;;Kamahi Cottage;0;Incl. Ontbijt;;;;;;;;Otorohanga;;NZ;
KANGAROO1;PANP;;Kangaroo Island Seafront Resort;0;Logies;;;;;;;;Penneshaw;;AU;
KANGAROO2;PANP;;Kangaroo Island Seafront Resort;0;Logies;;;;;;;;Penneshaw;;AU;
KANGAROO3;PANP;;Kangaroo Island Seafront Resort;0;Incl. Ontbijt;;;;;;;;Penneshaw;;AU;
KANGAROO4;PANP;;Kangaroo Island Seafront Resort;0;Incl. Ontbijt;;;;;;;;Penneshaw;;AU;
KANGAROO5;PANP;;Kangaroo Island Seafront Resort;0;Logies;;;;;;;;Penneshaw;;AU;
KANGAROO6;PANP;;Kangaroo Island Seafront Resort;0;Logies;;;;;;;;Penneshaw;;AU;
KANGAROO7;PANP;;Kangaroo Island Seafront Resort;0;Logies;;;;;;;;Penneshaw;;AU;
KANGAROO8;PANP;;Kangaroo Island Seafront Resort;0;Incl. Ontbijt;;;;;;;;Penneshaw;;AU;
KANGAROO9;PANP;;Kangaroo Island Seafront Resort;0;Logies;;;;;;;;Penneshaw;;AU;
KARIJININKAR;PANP;;Karijini Eco Retreat;0;;;;;;;;;Karijini NP;;AU;
KARPBM;PANP;;Karri Valley Resort;0;Logies;;;;;;;;Pemberton;;AU;
KERRYNPE;PANP;;Kerry Lodge B&B;0;Incl. Ontbijt;;;;;;;;Napier;;NZ;
KIMIORASPKAI;PANP;;Kimi Ora Eco Resort;0;Incl. Ontbijt;;;;;;;;Kaiteriteri;;NZ;
KINGFRI;PANP;;Kingfisher Bay Resort Fraser Island;0;Logies;;;;;;;;Fraser Island;;AU;
KINGSKBJ;PANP;;Kings Canyon Resort;0;;;;;;;;;Kings Canyon;;AU;
KINGSCREEK;PANP;;Kings Creek Station;0;;;;;;;;;Kings Canyon;;AU;
KINGTEU;PANP;;Kingsgate Hotel Te Anau;0;Logies;;;;;;;;Te Anau;;NZ;
CAPELEVEQKBL;PANP;;Kooljaman At Cape Leveque;0;Logies;;;;;;;;Cape Leveque;;AU;
LADYELL;PANP;;Lady Elliot Island Eco Resort;0;Incl. Ontbijt & Diner;;;;;;;;Lady Elliot Island;;AU;
 LAKSTCL;PANP;;Lake St Clair Lodge;0;Incl. Ontbijt;;;;;;;;Lake St. Clair;;AU;
LAKETEU;PANP;;Lakefront Lodge;0;Logies;;;;;;;;Te Anau;;NZ;
LARNDUD;PANP;;Larnach Castle;0;Incl. Ontbijt;;;;;;;;Dunedin;;NZ;
PENNYROYAL;PANP;;Leisure Inn Penny Royal;0;Logies;;;;;;;;Launceston;;AU;
SPIRESATLLEU;PANP;;Leisure Inn Spires;0;Logies;;;;;;;;Leura;;AU;
 LEMOKKE;PANP;;Lemon Tree Lodge;0;Incl. Ontbijt;;;;;;;;Kaikoura;;NZ;
LILIANFELS;PANP;;Lilianfels Blue Mountains Resort And Spa;0;Logies;;;;;;;;Katoomba;;AU;
LTPLIT;PANP;;Litchfield Tourist Park;0;Logies;;;;;;;;Batchelor;;AU;
LOBSTERKIK;PANP;;Lobster Inn Motor Lodge;0;Logies;;;;;;;;Kaikoura;;NZ;
LOCHMARL;PANP;;Lochmara Lodge;0;Logies;;;;;;;;Marlborough;;NZ;
LODGE9;PANP;;Lodge 9;0;Incl. Ontbijt;;;;;;;;Tutukaka;;NZ;
LODGE10;PANP;;Lodge 9;0;Incl. Ontbijt;;;;;;;;Tutukaka;;NZ;
LODGE11;PANP;;Lodge 9;0;Incl. Ontbijt;;;;;;;;Tutukaka;;NZ;
LODGE12;PANP;;Lodge 9;0;Incl. Ontbijt;;;;;;;;Tutukaka;;NZ;
LODGE13;PANP;;Lodge 9;0;Incl. Ontbijt;;;;;;;;Tutukaka;;NZ;
LODGE14;PANP;;Lodge 9;0;Incl. Ontbijt;;;;;;;;Tutukaka;;NZ;
 BORDEAUXWRE;PANP;;Lodge Bordeaux;0;Logies;;;;;;;;Whangarei;;NZ;
MACKTWZ;PANP;;Mackenzie Country Hotel;0;Logies;;;;;;;;Twizel;;NZ;
NOVO;PANP;;Mantarays Ningaloo Resort Exmouth;0;Logies;;;;;;;;Exmouth;;AU;
PACIFICINMEL1;PANP;;Mantra 100 Exhibition Melbourne;0;Logies;;;;;;;;Melbourne;;AU;
PACIFICINMEL2;PANP;;Mantra 100 Exhibition Melbourne;0;Logies;;;;;;;;Melbourne;;AU;
PACIFICINMEL3;PANP;;Mantra 100 Exhibition Melbourne;0;Logies;;;;;;;;Melbourne;;AU;
MANTRAAQUPTD;PANP;;Mantra Aqueous On Port Douglas;0;Logies;;;;;;;;Port Douglas;;AU;
OUTRIGGE3;PANP;;Mantra Hervey Bay;0;Logies;;;;;;;;Hervey Bay;;AU;
OUTRIGGE4;PANP;;Mantra Hervey Bay;0;Logies;;;;;;;;Hervey Bay;;AU;
OUTRIGGE5;PANP;;Mantra Hervey Bay;0;Logies;;;;;;;;Hervey Bay;;AU;
OUTRIGGE6;PANP;;Mantra Hervey Bay;0;Logies;;;;;;;;Hervey Bay;;AU;
OUTRIGGE7;PANP;;Mantra Hervey Bay;0;Logies;;;;;;;;Hervey Bay;;AU;
OUTRIGGE8;PANP;;Mantra Hervey Bay;0;Logies;;;;;;;;Hervey Bay;;AU;
MANTRAERSLOR;PANP;;Mantra Lorne;0;;;;;;;;;Lorne;;AU;
 MAPWKA;PANP;;Maple Lodge;0;Incl. Ontbijt;;;;;;;;Wanaka;;NZ;
MARGARETSMGV;PANP;;Margarets Beach Resort;0;Logies;;;;;;;;Margaret River;;AU;
MARLIN;PANP;;Marlin House;0;Incl. Ontbijt;;;;;;;;Paihia;;NZ;
MATARANKA;PANP;;Mataranka Homestead;0;Logies;;;;;;;;Mataranka;;AU;
MCAULEYDUD;PANP;;Mcauley Glen Boutique B&B;0;Incl. Ontbijt;;;;;;;;Dunedin;;NZ;
MCRMICKPCN;PANP;;Mccormick House;0;Incl. Ontbijt;;;;;;;;Picton;;NZ;
 QUALITYREVCH;PANP;;McCracken Country Club;0;Logies;;;;;;;;Victor Harbour;;AU;
GROADL;PANP;;Mercure Adelaide Grosvenor;0;Logies;;;;;;;;Adelaide;;AU;
ASPASP;PANP;;Mercure Alice Springs Resort;0;Logies;;;;;;;;Alice Springs;;AU;
MERBNE;PANP;;Mercure Brisbane;0;Logies;;;;;;;;Brisbane;;AU;
GAGCROCKAK;PANP;;Mercure Kakadu Crocodile Hotel;0;Logies;;;;;;;;Jabiru;;AU;
KILODGE;PANP;;Mercure Kangaroo Island Lodge;0;Logies;;;;;;;;American River;;AU;
ABELWLG;PANP;;Mercure Wellington Abel Tasman;0;Logies;;;;;;;;Wellington;;NZ;
MERIDIANAPTD;PANP;;Meridian Port Douglas;0;Logies;;;;;;;;Port Douglas;;AU;
MERRIJIGPRF;PANP;;Merrijig Inn;0;Incl. Ontbijt;;;;;;;;Port Fairy;;AU;
MFNLODGE;PANP;;Milford Sound Lodge;0;Incl. Ontbijt;;;;;;;;Milford Sound;;NZ;
COPTMANTUO;PANP;;Millennium Hotel & Resort Taupo Manuels;0;Logies;;;;;;;;Taupo;;NZ;
MILLROT;PANP;;Millennium Rotorua;0;Logies;;;;;;;;Rotorua;;NZ;
MOUTWI;PANP;;Mountain Chalet Motels;0;Logies;;;;;;;;Twizel;;NZ;
MOTELSMON;PANP;;Mt Cook Lodge & Motels;0;Logies;;;;;;;;Mount Cook;;NZ;
MOUNTELIZKBL;PANP;;Mt Elizabeth Station;0;Incl. Ontbijt & Diner;;;;;;;;Mt Elizabeth Station;;AU;
MOUNTHARTKBL;PANP;;Mt Hart Wilderness Lodge;0;Incl. Ontbijt & Diner;;;;;;;;Mt Hart Wilderness Lodge;;AU;
MUNGUMBYCTN;PANP;;Mungumby Lodge;0;Incl. Ontbijt;;;;;;;;Cooktown;;AU;
MURCHLOG;PANP;;Murchison Lodge;0;Incl. Ontbijt;;;;;;;;Murchison;;NZ;
BAYVWCRB;PANP;;Ningaloo Coral Bay Bayview;0;Logies;;;;;;;;Coral Bay;;AU;
 NINGALOO;PANP;;Ningaloo Reef Resort Coral Bay;0;Logies;;;;;;;;Coral Bay;;AU;
NITKATH;PANP;;Nitmiluk Accommodation;0;Logies;;;;;;;;Katherine;;AU;
AUSTRA1;PANP;;Noosa Lakes Resort;0;Logies;;;;;;;;Noosa;;AU;
AUSTRA2;PANP;;Noosa Lakes Resort;0;Logies;;;;;;;;Noosa;;AU;
AUSTRA3;PANP;;Noosa Lakes Resort;0;Logies;;;;;;;;Noosa;;AU;
DARWINAIRDRW;PANP;;Novotel Darwin Airport;0;Logies;;;;;;;;Darwin;;AU;
OAKTLV;PANP;;Oak Tree Lodge B&B;0;Incl. Ontbijtproviand;;;;;;;;Philip Island;;AU;
OAKTOWE;PANP;;Oaks Brisbane Festival Suites;0;Logies;;;;;;;;Brisbane;;AU;
GOLDSBROUDAR;PANP;;Oaks Sydney Goldsbrough Suites;0;Logies;;;;;;;;Sydney;;AU;
OLDLEURADAIR;PANP;;Old Leura Dairy;0;Logies;;;;;;;;Blue Mountains;;AU;
ORARICHC;PANP;;Orari Bed And Breakfast;0;Incl. Ontbijt;;;;;;;;Christchurch;;NZ;
OREILLYS;PANP;;O'reilly's Rainforest Retreat;0;Logies;;;;;;;;Lamington NP;;AU;
ORMISTON;PANP;;Ormiston House;0;Incl. Ontbijt;;;;;;;;Strahan;;AU;
 PALMSCITYDRW;PANP;;Palms City Resort;0;;;;;;;;;Darwin;;AU;
PAPERBARKJVB;PANP;;Paperbark Camp;0;Incl. Ontbijt & Diner;;;;;;;;Jervis Bay;;AU;
PEPNELL;PANP;;Peppers Blue On Blue;0;Logies;;;;;;;;Magnetic Island;;AU;
PEPPERSMOFIN;PANP;;Peppers Moonah Links Resort;0;Logies;;;;;;;;Mornington Peninsula;;AU;
PARMAR;PANP;;Parehua Martinborough;0;Incl. Ontbijt;;;;;;;;Martinborough;;NZ;
CERVCER;PANP;;Pinnacles Edge Resort;0;Logies;;;;;;;;Cervantes;;AU;
PORTARTHUPRT;PANP;;Port Arthur Villas;0;Logies;;;;;;;;Port Arthur;;AU;
POWDNAT;PANP;;Powderhorn Chateau;0;Logies;;;;;;;;Ohakune;;NZ;
 PRAIRIE;PANP;;Prairie Hotel;0;Logies;;;;;;;;Flinders Ranges;;AU;
FORTFOSTEFOS;PANP;;Prom Country Lodge;0;Logies;;;;;;;;Foster;;AU;
PUNGWHO;PANP;;Punga Grove;0;Logies;;;;;;;;Franz Josef;;NZ;
BUNGLEBUNPRU;PANP;;Purnululu Wilderness Lodge;0;Incl. Ontbijt & Diner;;;;;;;;Bungle Bungles;;AU;
WELLINGTOWLG1;PANP;;Qt Wellington;0;Logies;;;;;;;;Wellington;;NZ;
WELLINGTOWLG2;PANP;;Qt Wellington;0;Logies;;;;;;;;Wellington;;NZ;
WELLINGTOWLG3;PANP;;Qt Wellington;0;Logies;;;;;;;;Wellington;;NZ;
WELLINGTOWLG4;PANP;;Qt Wellington;0;Logies;;;;;;;;Wellington;;NZ;
WELLINGTOWLG5;PANP;;Qt Wellington;0;Logies;;;;;;;;Wellington;;NZ;
WELLINGTOWLG6;PANP;;Qt Wellington;0;Logies;;;;;;;;Wellington;;NZ;
WELLINGTOWLG7;PANP;;Qt Wellington;0;Logies;;;;;;;;Wellington;;NZ;
WELLINGTOWLG8;PANP;;Qt Wellington;0;Logies;;;;;;;;Wellington;;NZ;
WELLINGTOWLG9;PANP;;Qt Wellington;0;Logies;;;;;;;;Wellington;;NZ;
RAIRAI;PANP;;Rainbow Ocean Palms Resort;0;Logies;;;;;;;;Rainbow Beach;;AU;
RAWNSLEY;PANP;;Rawnsley Park Station;0;Incl. Ontbijtproviand;;;;;;;;Hawker;;AU;
REEFPCV;PANP;;Reef Retreat;0;Logies;;;;;;;;Palm Cove;;AU;
RENCHC;PANP;;Rendezvous Hotel Christchurch;0;Logies;;;;;;;;Christchurch;;NZ;
STAFFORD;PANP;;Rendezvous Hotel Sydney The Rocks;0;Logies;;;;;;;;Sydney;;AU;
ROBEROB;PANP;;Robe House Bed And Breakfast;0;Incl. Ontbijtproviand;;;;;;;;Robe;;AU;
ROBERTSONROT;PANP;;Robertson House;0;Incl. Ontbijt;;;;;;;;Rotorua;;NZ;
ROBYNSNESMIM;PANP;;Robyn's Nest Boutique Resort;0;;;;;;;;;Merimbula;;AU;
ROSEGUMSWILD;ROSE;;Rose Gums Wilderness Retreat;0;Incl. Ontbijtproviand;;;;;;;;Atherton Tablelands;;AU;
RYDGCHC;PANP;;Rydges Latimer Christchurch;0;Logies;;;;;;;;Christchurch;;NZ;
OLDSYD;PANP;;Rydges Sydney Harbour;0;Logies;;;;;;;;Sydney;;AU;
HOLIDAYWEWLG;PANP;;Rydges Wellington;0;Logies;;;;;;;;wellington;;NZ;
NINGALOORLEA;PANP;;Sal Salis;0;Incl. Ontbijt, Lunch & Diner;;;;;;;;Exmouth;;AU;
BUNSAV;PANP;;Savannah Lodge;0;Incl. Ontbijt & Diner;;;;;;;;Bungle Bungles;;AU;
SEASHELLS;PANP;;Seashells Broome;0;Logies;;;;;;;;Broome;;AU;
RADCNS;PANP;;Shangri-la Hotel The Marina;0;Incl. Ontbijt;;;;;;;;Cairns;;AU;
RITZSYD;PANP;;Sir Stamford At Circular Quay;0;Logies;;;;;;;;Sydney;;AU;
STEW;PANP;;Stewarts Bay Lodge;0;Logies;;;;;;;;Port Arthur;;AU;
SUDAA;PANP;;Sudima Hotel Auckland Airport;0;Logies;;;;;;;;Auckland;;NZ;
 SUDIGRACHC;PANP;;Sudima Hotel Christchurch Airport;0;Logies;;;;;;;;Christchurch;;NZ;
LAKEPLAROT;PANP;;Sudima Hotel Lake Rotorua;0;Logies;;;;;;;;Rotorua;;NZ;
 SWBECH;PANP;;Swansea Beach Chalets;0;Logies;;;;;;;;Swansea;;AU;
 TEANAUTEU;PANP;;Te Anau Lodge;0;;;;;;;;;Te Anau;;NZ;
 THALABEACH;PANP;;Thala Beach Nature Reserve;0;Logies;;;;;;;;Port Douglas;;AU;
BALICAI;PANP;;The Balinese;0;Incl. Ontbijt;;;;;;;;Cairns;;AU;
BATTIL;PANP;;The Bryn At Tilba B&B;0;;;;;;;;;Tilba Tilba;;AU;
FURNFEARSTAR;PANP;;The Canopy Rainforest Treehouses;0;Logies;;;;;;;;Atherton Tablelands;;AU;
CARRINGTOBMT;PANP;;The Carrington;0;Incl. Ontbijt;;;;;;;;Blue Mountains;;AU;
EQUEMSP;PANP;;The Park Motel;0;Logies;;;;;;;;Motueka;;NZ;
SAVOYMEL;PANP;;The Savoy Hotel On Little Collins;0;Logies;;;;;;;;Melbourne;;AU;
SEBELNOOSA;PANP;;The Sebel Noosa;0;Logies;;;;;;;;Noosa;;AU;
ANCPI;PANP;;The Waves Apartments Cowes;0;Logies;;;;;;;;Philip Island;;AU;
TVRAIR;PANP;;Toscana Village Resort;0;Logies;;;;;;;;Airlie Beach;;AU;
HOBARTMACQUA;PANP;;Travelodge Hotel Hobart;0;Logies;;;;;;;;Hobart;;AU;
QUAHOBA;PANP;;Travelodge Hotel Hobart Airport;0;Logies;;;;;;;;Hobart;;AU;
ODGEPERTHPER;PANP;;Travelodge Hotel Perth;0;Logies;;;;;;;;Perth;;AU;
TVLWENSYD;PANP;;Travelodge Hotel Sydney;0;Logies;;;;;;;;Sydney;;AU;
VISTASYD;PANP;;Travelodge Hotel Sydney Wynyard;0;Logies;;;;;;;;Sydney;;AU;
UNDARAEXP;PANP;;Undara Lodge;0;Logies;;;;;;;;Undara;;AU;
DESAYQ;PANP;;Voyages Desert Gardens Hotel;0;;;;;;;;;Ayers Rock;;AU;
EMUAYQ;PANP;;Voyages Emu Walk Apartments;0;Logies;;;;;;;;Ayers Rock;;AU;
HOMEEAS;PANP;;Home Valley Station;0;Incl. Ontbijt;;;;;;;;Home Valley Station;;AU;
OUTBACKP;PANP;;Voyages Outback Hotel;0;Logies;;;;;;;;Ayers Rock;;AU;
SAILSAYQ;PANP;;Voyages Sails In The Desert Hotel;0;;;;;;;;;Ayers Rock;;AU;
 LOSTCAMEL;PANP;;Voyages The Lost Camel;0;Logies;;;;;;;;Ayers Rock;;AU;
WALHALLASWAL;PANP;;Walhalla's Star Hotel;0;Incl. Ontbijt & Diner;;;;;;;;Walhalla;;AU;
WAVEROCKHYD;PANP;;Wave Rock Motel;0;Logies;;;;;;;;Hyden;;AU;
WAVLAKE;PANP;;Waverley House Cottages;0;Incl. Ontbijtproviand;;;;;;;;Lakes Entrance;;AU;
WILLIAMCRWIL;PANP;;William Creek Hotel;0;Logies;;;;;;;;William Creek;;AU;
ARKABA;PANP;;Wilpena Pound Resort;0;;;;;;;;;Flinders Ranges;;AU;
 WILSTID;PANP;;Wilsons Promontory National Park - Wilderness Retreats;0;Logies;;;;;;;;Tidal River;;AU;
WITTAM;PANP;;Witches Falls Cottages;0;Incl. Ontbijtproviand;;;;;;;;Mt Tamborine;;AU;
 ZERODAVEYHBA;PANP;;Zero Davey Boutique Apartments;0;Logies;;;;;;;;Hobart;;AU;
OUTBACKL;PANP;;Voyages Outback Lodge;0;Logies;;;;;;;;Ayers Rock;;AU;
HERMMON;PANP;;The Hermitage;0;Logies;;;;;;;;Mount Cook;;NZ;
